{
  "peak_equity": 1756.147422084828,
  "total_pnl_usd": -0.35714050000024145,
  "max_drawdown_pct": 0.0,
  "trades_closed": 1,
  "winning_trades": 0,
  "losing_trades": 1,
  "trade_pnls": [
    -0.35714050000024145
  ]
}