{
  "peak_equity": 1756.147422084828,
  "total_pnl_usd": -0.2377382000002477,
  "max_drawdown_pct": 0.0,
  "trades_closed": 8,
  "winning_trades": 3,
  "losing_trades": 5,
  "trade_pnls": [
    -0.35714050000024145,
    -0.0007847999999981425,
    -0.019720600000002975,
    -0.0020863999999995997,
    -0.12274260000000226,
    0.11956190000000078,
    0.06791939999999741,
    0.07725539999999853
  ]
}