{
  "peak_equity": 1756.147422084828,
  "total_pnl_usd": -0.2712030000002663,
  "max_drawdown_pct": 0.0,
  "trades_closed": 16,
  "winning_trades": 6,
  "losing_trades": 10,
  "trade_pnls": [
    -0.35714050000024145,
    -0.0007847999999981425,
    -0.019720600000002975,
    -0.0020863999999995997,
    -0.12274260000000226,
    0.11956190000000078,
    0.06791939999999741,
    0.07725539999999853,
    0.005130400000002311,
    -0.0025651999999958264,
    -0.0017962000000046885,
    -0.0005132000000074299,
    -0.05719480000000132,
    0.01358699999999402,
    -0.013198799999997846,
    0.02308599999999217
  ]
}