{
  "entry": 2185.38,
  "size": 0.01293,
  "entry_time": 1776010189.930641
}