{
  "entry": 2189.85,
  "size": 0.01167,
  "entry_time": 1775999041.7832227
}